,id,seek,start,end,text,tokens,temperature,avg_logprob,compression_ratio,no_speech_prob
0,0,0,0.0,4.48, The stale smell of old beer lingers.,"[50364, 440, 342, 1220, 4316, 295, 1331, 8795, 22949, 433, 13, 50588]",0.0,-0.253782813228778,1.4210526315789473,0.022392641752958298
1,1,0,4.48,7.0200000000000005, It takes heat to bring out the odor.,"[50588, 467, 2516, 3738, 281, 1565, 484, 264, 41176, 13, 50715]",0.0,-0.253782813228778,1.4210526315789473,0.022392641752958298
2,2,0,7.0200000000000005,9.94, A cold dip restores health and zest.,"[50715, 316, 3554, 10460, 1472, 2706, 1585, 293, 37889, 13, 50861]",0.0,-0.253782813228778,1.4210526315789473,0.022392641752958298
3,3,0,9.94,12.620000000000001, A salt pickle tastes fine with ham.,"[50861, 316, 5139, 31433, 8666, 2489, 365, 7852, 13, 50995]",0.0,-0.253782813228778,1.4210526315789473,0.022392641752958298
4,4,0,12.620000000000001,15.08, Tacos al pastor are my favorite.,"[50995, 38848, 329, 419, 21193, 366, 452, 2954, 13, 51118]",0.0,-0.253782813228778,1.4210526315789473,0.022392641752958298
5,5,0,15.08,17.6, A zestful food is the hot cross bun.,"[51118, 316, 37889, 906, 1755, 307, 264, 2368, 3278, 6702, 13, 51244]",0.0,-0.253782813228778,1.4210526315789473,0.022392641752958298
